artist,title
The Avener,Fade out lines
Rihanna,Don't stop the music
HAEVN,Where the heart is
Jonas Brothers,What a man gotta do
Ellie Goulding,Something in the way you move
"Jonas Blue, Liam Payne, Lennon Stella",Polaroid
Meat Loaf,I'd do anything for love
Max Ava,Salt
Olly Murs feat. Snoop Dogg,Moves
Selena Gomez,Rare
Tom Gregory,Small steps
Kygo + Whitney Houston,Higher love
Biffy Clyro,Re-arrange
Christopher,Ghost
Madonna,Like a virgin
Ray Dalton,In my bones
Lenka,The show
Philipp Dittberner + Marv,Ich frag mich
DECCO x Alex Clare,Crazy to love you
Lauren Daigle,Rescue
The Faim,Humans
SZA + Justin,The other side (from Trolls World Tour)
Roxette,Fading like a flower
Dua Lipa,Physical
Lewis Capaldi,Before you go
Jennifer Lopez,Jenny from the block
Bon Jovi,Limitless
Camila Cabello,Liar
Billy Idol,White wedding
Lorde,Team
Marshmello feat. Bastille,Happier
Galantis feat. OneRepublic,Bones
Welshly Arms,Trouble
Robin Schulz feat. Ilsey,Headlights
Maroon 5,Memories
Alicia Keys,Empire state of mind (Part II) Broken down
Die Toten Hosen,Kamikaze (live)
MC Hammer,U can't touch this
Felix Jaehn + Vize feat. Miss Li,Close your eyes
The Red Hot Chili Peppers,Road trippin'
The Ware feat. Nina Supermassive,One night stand
Lukas Graham,Love someone
Ariana Grande,No tears left to cry
Ben Dolic feat. B-OK,Violent thing
Alec Benjamin,Let me down slowly
The Weeknd,Blinding lights
Massive [Massive Attack],Unfinished sympathy (Original)
Loud Luxury feat. Brando,Body
Liam Payne feat. A Boogie wit da Hoodie,Stack it up
Celeste,Stop this flame
Nickelback,Photograph
Halsey,You should be sad
"Naughty Boy feat. Beyonce, Arrow",Runnin' (Lose it all)
Stefanie Heinzmann feat. Jake Isaac,All we need is love
Corinne Bailey Rae,Put your records on
Emeli Sande,Shine
Corey Hart,Sunglasses at night
Lauv feat. Anne-Marie,"Fuck, I'm lonely"
Backstreet Boys,Incomplete
Tom Gregory,Fingertips
Sarah McLachlan,Angel
Martin Garrix feat. Dean Lewis,Used to love
Hailee Steinfeld,Capital letters
Alicia Keys,Underdog
Imagine Dragons,Thunder
Michael Schulte,Keep Me Up
Lana del Rey,Summertime Sadness
Nico Santos,Safe
R.E.M.,Losing My Religion
Felix Jaehn & Vize feat. Miss Li,Close Your Eyes
Gavin James,Always
Robin Thicke & Pharrell,Blurred Lines
Alma,Lonely night
George Ezra,Blame It On Me
Adel Tawil feat. Peachy,Tu M'Appelles
Emiliana Torrini,Jungle Drum
Lewis Capaldi,Before You Go
Martin Garrix feat. Dean Lewis,Used To Love
James Blunt,Cold
Adele,Set Fire To The Rain
Hugo Helmig,Wild
"Nena & Wilde,Kim","Anyplace, Anywhere, Anytime"
Harry Styles,Adore You
Mabel,Mad Love
Marlon Roudette,Anti Hero (Brave New World)
Justin Timberlake,Can't Stop The Feeling!
Jonas Brothers,What A Man Gotta Do
Frans,If I Were Sorry
Revolverheld,So Wie Jetzt
The Weeknd,Blinding Lights
Nelly Furtado & Rea Garvey,All Good Things (Come To An End)
Younotus & Janieck & Senex,Narcotic
Jax Jones & Raye,You Don't Know Me
Eagle Eye Cherry,Save Tonight
Shawn Mendes,If I Can’t Have You
Topic feat. A7S,Breaking me
Portugal. The Man,Feel It Still
Sido & Andreas Bourani,Astronaut
Murray Head,One Night In Bangkok
P!nk,Walk Me Home
Alle Farben,Bad Ideas
Ed Sheeran,Castle On The Hill
Keri Hilson,I Like
Johannes Oerding,Alles Okay
Eurythmics,Sweet Dreams
Kygo feat. Avicii & Sandro Cavazza,Forever Yours (Tribute)
The Strumbellas,Salvation
Calvin Harris & Pharrell Williams & Katy Perry & Big Sean,Feels
Twenty One Pilots,Stressed Out
Matt Simons,We Can Do Better
Natalie Imbruglia,Torn
Sam Smith,How Do You Sleep?
Ava Max,Salt
Pedro Capó,Calma
Hurts,Wonderful Life
Lady Gaga,Stupid Love
U2,With Or Without You
Alessia Cara,Scars To Your Beautiful
Deepend feat. Graham Candy,Waiting For The Summer
OneRepublic,Wanted
Klingande,Jubel
Imagine Dragons,Bad Liar
Ray Dalton,In My Bones
Alle Farben & Alexander Tidebrink,Follow You
Everything But The Girl,Missing
Mighty Oaks,Brother
Tones And I,Dance Monkey
Post Malone & Swae Lee,Circles
The Avener,Fade Out Lines
Max Giesinger,Nie besser als jetzt
Sunrise Avenue,Dreamer
Roxette,Listen To Your Heart
Michael Patrick Kelly,Roundabouts
Milky Chance,The Game
Robin Schulz,In Your Eyes
Cro,Traum
Welshly Arms,Sanctuary
The Cranberries,Zombie
Ben Dolic feat. B-OK,Violent Thing
Billie Eilish,Bad guy
Bruno Mars,Just The Way You Are
Blackbear,Me & Ur Ghost
Clean Bandit & Sean Paul & Anne-Marie,Rockabye
Queen,Another One Bites The Dust
George Ezra,Hold My Girl
Freya Ridings,Castles
Kyd The Band X Elley Duhé,Easy
Younotus & Julian Perretta,Your Favourite Song
Cassandra Steen & Adel Tawil,Stadt
Lions Head,When I Wake Up
Evanescence,Bring Me To Life
Matt Simons,Cold
Meduza feat. Goodboys,Piece Of Your Heart
Milow,Howling At The Moon
Alan Walker & Ava Max,Alone Part 2
Nico Santos,Unforgettable
Max Giesinger,Die Reise
The Police,Every Breath You Take
Taylor Swift & Brendon Urie,ME!
Madcon & Ray Dalton,Don't Worry
Johannes Oerding,An guten Tagen
Pink,Secrets
Jonas Brothers,Only Human
Sigma,Nobody To Love
Stefanie Heinzmann feat. Jake Isaac,All We Need Is Love
Ed Sheeran,Perfect
Fury In The Slaughterhouse,Time To Wonder
Jennifer Lopez,Ain't Your Mama
Mabel,Don't call me up
Robin Schulz & Piso 21,Oh Child
Millie Turner,January
John Newman,Love Me Again
Jax Jones feat. Ina Wroldsen,Breathe
Tal Bachman,She's So High
Rea Garvey,Kiss Me
Capital Cities,Safe And Sound
Luis Fonsi & Daddy Yankee,Despacito
Him,Join Me
Charlie Puth,How Long
Meduza & Becky Hill & Goodboys,Lose Control
Christopher,Irony
Mando Diao,Dance With Somebody
Silbermond,In Meiner Erinnerung
Midnight Oil,Beds Are Burning
Rita Ora,Anywhere
The Killers,Human
Giant Rooks,Watershed
Gamper & Dadoni feat. Emily Roberts,Bittersweet symphony
Coolio,Gangsta's Paradise
ZAYN x Sia,Dusk Till Dawn
Liam Payne feat. A Boogie wit da Hoodie,Stack It Up
Rihanna & Kanye West & Paul McCartney,FourFiveSeconds
Imagine Dragons,Natural
Kaleo,Way Down We Go
Tina Turner,What's Love Got To Do With It
The Faim,Fire
Maroon 5 & Christina Aguilera,Moves Like Jagger
Jonas Blue Feat. Jack & Jack,Rise
Robbie Williams,Supreme
LAUV,Tattoos Together
Kings Of Leon,Sex On Fire
Pink,What About Us
Alec Benjamin,Let Me Down Slowly
Lost Frequencies,Crazy
Namika,Lieblingsmensch
Queen,A Kind Of Magic
Sam Smith & Normani,Dancing With A Stranger
Selena Gomez,Lose You To Love Me
en Streubel,Am Mikrofon
The Airborne Toxic Event,Come on out
Aloe Blacc,I do
Keri Hilson,I like
Ed Sheeran + Justin Bieber,I don't care
Donna Lewis,I love you always forever
Jason Derulo,If I'm lucky
George Ezra,Don't matter now
Tori Amos,A sorta fairytale
Lauv,Tattoos together
Bastille + Alessia Cara,Another place
Clueso,Sag mir was du willst
Beyonce,If I were a boy
John Newman,Stand by me
Nico Santos,Play with fire
Aerosmith,I don't want to miss a thing
P!nk feat. Cash Cash,Can we pretend
Twenty One Pilots,Heathens
Stu Larsen,San Francisco
Lena,Don't lie to me
Bruce Springsteen,Cover me
Gamper + Dadoni feat. Emily Roberts,Bittersweet symphony
The Common Linnets,Calm after the storm
Dermot Kennedy,All my friends
Blondie,Call me
Daft Punk,One more time
Freya Ridings,Love is fire
Bear's Den,Agape
Ellie Goulding,Close to me
Fugees (Tranzlator Crew),Ready or not
Kygo feat. Avicii + Sandro Cavazza,Forever yours (Tribute)
Kelly Clarkson,Heartbeat song
Sam Smith + Normani,Dancing with a stranger
Anastacia,One day in your life
Lil Nas X feat. Billy Ray Cyrus,Old town road
Dean Lewis,7 minutes
Donna Missal,Hurt by you
Imagine Dragons,Demons
"LSD feat Labrinth, Sia and Diplo",Thunderclouds
Alle Farben feat. Alexander Tidebrink,Follow you
Lauren Daigle,You say
Tina Turner,I can't stand the rain
Inxs,Beautiful girl
The Fray,Over my head
Riton X Oliver Heldens feat. Vula,Turn me on
Sarah Connor + Henning Wehland,Bonnie + Clyde
George Ezra,Paradise
Texas,I don't want a lover
Kiddo x Gashi,Coming down
Kylie Minogue,Can't get you out of my head
Regard,Ride it
Jacob Banks,Unknown (to you)
Robin Schulz feat. Harloe,All this love
Caro Emerald,Back it up
Kaleo,I want more
Bran Van 3000,Drinking in L.A.
Taylor Swift,You Need To Calm Down
Bruno Mars,Locked Out Of Heaven
Bryan Adams,Heaven
Charlie Puth,Attention
Rihanna,S & M
Coldplay,Orphans
Of Monsters And Men,Little Talks
Ed Sheeran,Shape Of You
Depeche Mode,Precious
Lauv & Anne-Marie,"Fuck, I'm Lonely"
Nico & Vinz,Am I Wrong
Pink,Just Like Fire
Verve,Bitter Sweet Symphony (Bittersweet Symphony)
The Strumbellas,Spirits
Mark Forster,Sowieso
Last Goodnight,Pictures Of You
Jonas Blue & Dakota,Fast Car
Roxette,Fading Like A Flower
Alle Farben & Justin Jesso,As Far As Feelings Go
Katy Perry,Never Really Over
R. City & Adam Levine,Locked Away
Sunrise Avenue,Thank You For Everything
Wincent Weiss,Musik Sein
Kungs & Cookin' On 3 Burners,This Girl
Olly Murs,Dear Darlin'
Genesis,I Can't Dance
Felix Jaehn feat. Calum Scott,Love On Myself
The Script & Will.I.Am,Hall Of Fame
Sia,Never Give Up
A-ha,Take On Me
Max Giesinger,Roulette
Decco X Alex Clare,Crazy To Love You
Adele,Rolling In The Deep
George Ezra,Shotgun
Gigi D'Agostino,La Passion
Avicii,Waiting For Love
Dennis Lloyd,Nevermind
Madonna,Like A Prayer
Eli,Change Your Mind
Matt Simons,After The Landslide
Sam Fender,Will We Talk?
Pink,Whatever You Want
Die Toten Hosen,Altes Fieber
Halsey,You Should Be Sad
Ofenbach,Be Mine
Justin Timberlake feat. Chris Stapleton,Say Something
Dr.Alban,It's My Life
Faul & Wad Ad vs. Pnau,Changes
James Blunt,The Truth
Johannes Oerding,Kreise
Michael Jackson,Thriller
Nico Santos,Play With Fire
"Rudimental feat. Jess Glynne, Macklemore & Dan Caplen",These days
Silbermond,B 96
Charlie Puth,One Call Away
Kid Rock,All Summer Long
Reamonn,Supergirl
Calvin Harris feat. Rag'n'bone Man,Giant
Fleetwood Mac,Everywhere
Revolverheld,So wie jetzt
Katy Perry & Skip Marley,Chained To The Rhythm
Martin Solveig & Dragonette,Hello
Meredith Brooks,Bitch
Daddy Yankee Feat. Snow,Con Calma
Liam Payne & Jonas Blue,Polaroid
Kwabs,Walk
Clueso,Sag Mir Was Du Willst
Sia & Kendrick Lamar,The Greatest
Ten Sharp,You
Michael Patrick Kelly & Gentleman,iD
Rita Ora,Your song
Freya Ridings,Love Is Fire
Philipp Dittberner & Marv,So kann es weitergehen
Calvin Harris feat. Sam Smith,Promises
Roxette,Joyride
Rudimental & James Arthur,Sun Comes Up
Elle King,Ex's & Oh's
Justin Jesso,Getting Closer
Crystal Waters,Gypsy Woman
Lost Frequencies feat. The Nghbrs,Like I Love You
Years & Years,King
Robbie Williams,Come Undone
Sunrise Avenue,Flag
Alice Merton,Why So Serious
Joris,Herz Über Kopf
Metallica,Nothing Else Matters
Shawn Mendes & Camila Cabello,Señorita
Jason Derulo,Want To Want Me
Linkin Park & Kiiara,Heavy
Counting Crows,Mr. Jones
Colbie Caillat,Bubbly
David Guetta & Cedric Gervais & Chris Willis,Would I Lie To You
Peter Fox,Haus Am See
George Ezra,Don't Matter Now
Bon Jovi,Always
Bastille,Things We Lost In The Fire
Panic! At The Disco,High hopes
The Connells,74-75
Mando Diao,Black Saturday
Kygo & Parson James,Stole The Show
Imany,Don't Be So Shy
Genesis,Invisible Touch
Avicii & Aloe Blacc,Wake Me Up
Ed Sheeran & Khalid,Beautiful People
Dido,White Flag
Dennis Lloyd,Never Go Back
Regard,Ride It
Tina Turner,We Don't Need Another Hero (Thunderdome)
Mike Posner,I Took A Pill In Ibiza
Justin Bieber & BloodPop,Friends
Nico Santos,Rooftop
Fine Young Cannibals,Good Thing
Alice Merton,Trouble In Paradise
Mike Perry & Shy Martin,The Ocean
Tim Bendzko,Hoch
Justin Timberlake,Mirrors
Goldfrapp,Rocket
Calvin Harris,My Way
Backstreet Boys,I Want It That Way
Rihanna & West Jay-Z,Run This Town
Lauv & Troye Sivan,I'm So Tired
Herbert Grönemeyer,Flugzeuge Im Bauch
Rag'N'Bone Man,Human
Sting,Petrol Head
Echt,Du Trägst Keine Liebe In Dir
Jason Derulo,Whatcha Say
Martin Solveig & Alma,All Stars
Madsen,Ich Tanze Mit Mir Allein
The Night Game,Once In A Lifetime
Everlast,What It's Like
Bosse,Augen zu Musik an
Genesis,No Son Of Mine
Dermot Kennedy,Power Over Me
Celeste,Stop This Flame
Bryan Adams,Summer Of '69
Anne-Marie,Birthday
Usher,Scream
"Calexico, Iron & Wine",NDR 2 Soundcheck live - Radiokonzert
Amy MacDonald,Mr Rock & Roll
Au/ra,Outsiders
Jupiter Jones,Still
Rixton,Hotel Ceiling
Depeche Mode,Personal Jesus
Coldplay,A Sky Full Of Stars - Live in Buenos Aires
"Blunt,James",1973
Red Hot Chili Peppers,Otherside
Madeline Juno,Like Lovers Do
Alex Clare,War Rages On
Linkin Park,Nobody Can Save Me
Kwabs,Perfect Ruin
Phil Collins,I Missed Again
Dotan,Hungry
James Bay,Hold Back The River
Max Giesinger,Wenn sie tanzt
a-ha,Foot of the mountain
Pink,Bad Influence
Stefanie Heinzmann,In The End
Michael Patrick Kelly,Lazarus
Moon Taxi,Two High
Lenny Kravitz,Fly Away
Johannes Oerding,Heimat
SomeKindaWonderful,Reverse
Eurythmics,Walking On Broken Glass
Udo Lindenberg,Wenn Du Gehst
Blanco Brown,The git up
Miley Cyrus,Malibu
Toploader,Dancing in the moonlight
Declan J Donovan,Vienna
Foreigner,Say you will
Jennifer Lopez,Love don't cost a thing
Sarah Connor,Wie schön Du bist
Jason Mraz,Have it all
Lady Gaga,Stupid love
Dean Lewis,Stay awake
The Source,You got the love
Sam Smith,To die for
Imagine Dragons,Whatever it takes
Ava Max,Torn
James Bay,Let it go
The Fray,How to save a life
Millie Turner,Jungle
Martin Garrix feat. Bonn,No sleep
Lenny Kravitz,I belong to you
Post Malone + Swae Lee,Circles
Ed Sheeran,Galway girl
Steve Winwood,Valerie
Rita Ora feat. 6lack,Only want you
Biffy Clyro,Howl
Nikki Vianna,Mambo
Maroon 5 feat. Cardi B,Girls like you
Nik Kershaw,The riddle
Nea,Some say
The Dandy Warhols,Bohemian like you
Dua Lipa,Don't start now
Jamie Lawson,Someone for everyone
Tones And I,Never seen the rain
Robbie Williams,Angels
Johannes Oerding,Alles okay
Felix Jaehn feat. Polina,Book of love
Rihanna,California king bed
YouNotUs + Julian Perretta,Your favourite song
Silbermond,Irgendwas bleibt
Matt Simons,Open up
Alma,Chasing highs
John Mayer,Heartbreak warfare
Harry Styles,Adore you
Mark Ronson,Valerie
Birdy,Skinny love
David Guetta & Sia,Titanium
Phil Collins,Another Day In Paradise
DNCE,Cake By The Ocean
Vanessa Amorosi,Absolutely Everybody
Rea Garvey,Is It Love?
Family Of The Year,Hero
Bon Jovi,It's My Life
Clean Bandit & Zara Larsson,Symphony
Corey Hart,Sunglasses At Night
Lost Frequencies feat. James Blunt,Melody
Milow,Ayo Technology
Take That,Back For Good
Gotye & Kimbra,Somebody That I Used To Know
U2,I Still Haven't Found What I'm Looking For
The Chainsmokers & Coldplay,Something Just Like This
Silbermond,Leichtes Gepäck
Topic & Nico Santos,Home
The Bangles,Eternal Flame
Enrique Iglesias & Wisin,Duele El Corazón
Taylor Swift,Shake It Off
Roxette,It Must Have Been Love
Mark Forster,Einmal
Train,"Hey, Soul Sister"
Robin Schulz feat. Erika Sirola,Speechless
Joshua Kadison,Jessie
Aloe Blacc,I Need A Dollar
Marlon Roudette,When The Beat Drops Out
Axwell & Ingrosso,More Than You Know
The Dandy Warhols,Bohemian Like You
Razorlight,Wire To Wire
Dermot Kennedy,Outnumbered
Alannah Myles,Black Velvet
David Guetta & Kelly Rowland,When Love Takes Over
Bryan Adams,Everything I Do I Do It For You
Lena,Don't Lie To Me
Amy MacDonald,This Is The Life
Fettes Brot,Jein
Julian Perretta,Miracle
Gossip,Heavy Cross
The All-American Rejects,Gives You Hell
Alvaro Soler,La Libertad
Bruce Springsteen,I'm On Fire
Wiz Khalifa & Charlie Puth,See You Again
Genesis,Jesus He Knows Me
Ellie Goulding & Diplo feat. Swae Lee,Close To Me
SDP & AdelTawil,Ich Will Nur Dass Du Weißt
Snap,Rhythm Is A Dancer
X Ambassadors,Renegades
Matt Simons,Open Up
Puff Daddy,I'll Be Missing You
Coldplay,Viva La Vida
Walk The Moon,Shut Up And Dance
Shannon,Let The Music Play
Bosse,Schönste Zeit
Ofenbach & Nick Waterhouse,Katchi
The Calling,Wherever You Will Go
Alle Farben & Ilira,Fading
The Black Eyed Peas,I Gotta Feeling
Hugo Helmig,Please Don't Lie
4 Non Blondes,What's Up
Lana del Rey,Video Games
Culture Beat,Mr. Vain
Axwell & Ingrosso feat. Trevor Guthrie,Dreamer
Tove Lo,Habits
Sunrise Avenue,Heartbreak century
Cyndi Lauper,All Through The Night
Owl City,Fireflies
Bruno Mars,Marry You
Will Smith,Miami
Felix Jaehn & R. City & Bori,Jennie
Pet Shop Boys,Always On My Mind
Kelly Clarkson,Heartbeat Song
Wham!,Wake Me Up Before You Go Go
Clueso,Gewinner
Robin Schulz & Hugel,I believe I'm fine
Burak Yeter & Danelle Sandoval,Tuesday
Pink & Nate Ruess,Just Give Me A Reason
Florence + The Machine,Ship To Wreck
Johannes Oerding,Hundert Leben
The Cardigans,Love Fool
Christine And The Queens,La Marcheuse
Lykke Li,I Follow Rivers
Gwen Stefani,Used To Love You
Anastacia,I'm outta love
Sunrise Avenue,Fairytale Gone Bad
Lukas Graham,Love Someone
Adele,Hello
Foo Fighters,Learn To Fly
Oasis,Wonderwall
Hugo Helmig,Young Like This
Pink,Beautiful Trauma
EMF,Unbelievable
Nea,Some Say (Felix Jaehn Remix)
James Arthur,Impossible
OneRepublic,Rescue Me
Lady Gaga,Alejandro
Queen,I Want To Break Free
Mark Forster,194 Länder
Robin Schulz & Jasmine Thompson,Sun Goes Down
Maroon 5,This Love
Bastille & Alessia Cara,Another Place
Annenmaykantereit,Ausgehen
Welshly Arms,Legendary
Katy Perry,Roar
Kate Yanai,Summer Dreaming (Bacardi Feeling)
Die Toten Hosen,Kamikaze
Ed Sheeran,Galway Girl
Harry Styles,Sign Of The Times
Daft Punk,Get Lucky
Sia,Cheap Thrills
The Black Eyed Peas,Where Is The Love?
Kygo & Whitney Houston,Higher Love
Beyoncé,Halo
Michael Jackson,Smooth Criminal
Nico Santos,Oh Hello
SZA & Justin Timberlake,The Other Side
White Apple Tree,Snowflakes
Fury In The Slaughterhouse,Won't forget these days
Kyd The Band + Elley Duhe,Easy
Emeli Sande,Sparrow
Joe Jackson,Steppin' out
Younotus + Kelvin Jones,Seventeen
Jason Derulo,Whatcha say
Ed Sheeran,Castle on the hill
Sheryl Crow,Strong enough
Felix Jaehn feat. Calum Scott,Love on myself
Paramore,Hard times
Ingrid Michaelson,The way I am
Huey Lewis + The News,The heart of Rock'n'Roll
James Blunt,The truth
Marshmello x Khalid,Silence
No Doubt,Hey baby
Red Hot Chili Peppers,Under the bridge
David Guetta feat. Raye,Stay (Don't go away)
Anne-Marie,2002
Allman Brown feat. Liz Lawrence,Sons + daughters
Mark Ronson feat. Miley Cyrus,Nothing breaks like a heart
Michael Schulte,Keep me up
Charlie Winston,Like a hobo
Indeep,Last night a DJ saved my life
Lukas Graham,Mama said
Taylor Swift feat. Brendon Urie,Me!
Sam Fender,Will we talk ?
Aerosmith,Amazing
Rox,My baby left me
Gossip,Love long distance
Sade,The sweetest taboo
Montell Jordan,Get it on tonite
Lizzo feat. Ariana Grande,Good as hell
Coldplay,Viva la vida
Smash Mouth,All star
Kygo feat. Miguel,Remind Me To Forget
Avicii & Sandro Cavazza,Without You
Bastille,Pompeii
Sting,Englishman In New York
Sam Fender,All Is On My Side
Lewis Capaldi,Bruises
Michael Jackson,Heal The World
Cyndi Lauper,Girls Just Want To Have Fun
Billie Eilish,Everything i wanted
Imagine Dragons,On Top Of The World
Bruce Springsteen,Born In The U.S.A.
Ava Max,So Am I
Cutting Crew,I Just (Died In Your Arms)
Philipp Dittberner & Marv,Ich Frag Mich
Ace Of Base,All That She Wants
Animotion,I Engineer
Lost Frequencies & Janieck,Reality
Pink,Try
Kygo & Conrad,Firestone
Avicii,Hey Brother
The Chainsmokers Feat. Emily Warren,Side Effects
Rita Ora feat. 6lack,Only Want You
Timbaland & One Republic,Apologize
Mark Forster,Wir Sind Groß
Snow Patrol,Chasing Cars
Joan Jett,I Love Rock & Roll
Juli,Geile Zeit
Backstreet Boys,As Long As You Love Me
Genesis,Land Of Confusion
Billie Eilish,No Time To Die
Robin Schulz & J.U.D.G.E.,Show Me Love
Shawn Mendes,There's Nothing Holdin' Me Back
Camila Cabello,Havana
Duran Duran,Wild Boys
Mark Forster,Flash Mich
Roxette,Wish I Could Fly
Meghan Trainor,Lips Are Movin'
Stefanie Heinzmann Feat. Alle Farben,Build A House
Don Henley,The Boys Of Summer
Haddaway,What Is Love
Lady Gaga,Always Remember Us This Way
Whitney Houston,I Wanna Dance With Somebody (Who Loves Me)
Welshly Arms,Learn To Let Go
Olly Murs,Heart Skips A Beat
Bon Jovi,Bed Of Roses
Milow,Nobody Needs You Like I Do
Aura Dione,Song For Sophie
Stefanie Heinzmann,Mother's Heart
Depeche Mode,Enjoy The Silence
Nicklas Sahl,There For You
Hozier,Take Me To Church
Jason Mraz,Love Someone
Ronan Keating,Iris
Namika,Je ne parle pas français
Genesis,Tonight Tonight Tonight
Hurts,"Blood, Tears & Gold"
Sam Smith,To Die For
Dean Lewis,Be Alright
Melanie Thornton,Love How You Love Me
Guns 'n' Roses,November Rain
Lana del Rey,Ride
Ali Gatie,What If I Told You That I Love You
Alma,Chasing Highs
Backstreet Boys,Quit Playing Games (With My Heart)
Emeli Sandé,Read All About It (Pt. III)
James Bay,Wild Love
Ich & Ich,Stark
Racoon,Love You More
Matt Simons,With You
Prince,The Most Beautiful Girl In The World
The Script,The Man Who Can't Be Moved
Dermot Kennedy,All My Friends
Sunrise Avenue,Heal Me
Take That,Love Ain't Here Anymore
Bruno Mars,It Will Rain
Jon Bryant,Bad Happens
Coldplay,Clocks
Silbermond,Das Beste
Lewis Capaldi,Hold Me While You Wait
R.E.M.,Daysleeper
Martin Garrix & David Guetta feat. Jamie Scott & Romy Dya,So Far Away
Train,Marry Me
Stacie Orrico,I Promise
Benny Blanco & Khalid & Halsey,Eastside
Mark Forster,Bauch und Kopf
Faith No More,I'm Easy
James Blunt,Carry You Home
Sam Fischer,This City
Darren Hayes,I Miss You
Crowded House,Don't Dream It's Over
Michael Schulte,You Let Me Walk Alone
Die Ärzte,Schrei nach Liebe
Meduza + Becky Hill + Goodboys,Lose control
The B-52's,Love shack
Woodkid,I love you
Robin Schulz feat. Harl?,All this love
Sam Feldt feat. RANI,Post Malone
Bon Jovi,Keep the faith
Christina Aguilera,Masochist
Daddy Yankee feat. Snow,Con calma
Sasha,Lucky day
AJR,Weak
Jack Johnson,Good people
Seal,Kiss from a rose
Dagny,Come over
Mary J. Blige,One
P!nk,Walk me home
MGMT,Kids
Liam Payne + Rita Ora,For you
Kaleo,Way down we go
Jason Mraz,Lucky
John Mayer,Who says
Tones And I,Dance monkey
Milow,Little in the middle
Kings Of Leon,Sex on fire
Diana King,Shy guy
Shakira feat. Rihanna,Can't remember to forget you
Milck,A little peace
Linkin Park,Shadow of the day
Lions Head,When I wake up
Michael Buble,Home
Kenny Loggins,Welcome to heartlight
Lena,Thank you
Goo Goo Dolls,Feel the silence
Adele,Chasing pavements
George Ezra,Hold my girl
"Rudimental feat. Jess Glynne, Macklemore + Dan",These days
En Vogue,Don't let go (love)
Talk Talk,Such A Shame
David Guetta & Sia,Flames
Felix Jaehn & Polina,Book Of Love
Stefanie Heinzmann,Shadows
Amy MacDonald,Slow It Down
Robin Schulz feat. Harloe,All This Love
The Black Eyed Peas,Shut Up
Nelly Furtado,Say it right
Sheppard,Geronimo
Lotte & Max Giesinger,"Auf das, was da noch kommt"
Robin Schulz & Marc Scibilia,Unforgettable
Queen,I Was Born To Love You
Martin Garrix feat. Bonn,No Sleep
Rihanna,Diamonds
Alice Merton,No Roots
Alle Farben & Younotus,Please Tell Rosie
Avicii & Audra Mae,Addicted To You
Kygo & Selena Gomez,It Ain't Me
Will Smith,Men In Black
Frankie Goes To Hollywood,Relax
Omi,Cheerleader
Die Ärzte,Westerland
Imagine Dragons,Whatever It Takes
Israel Kamakawiwo'ole,Over The Rainbow
Frida Gold,Wovon Sollen Wir Träumen
Rea Garvey,Let's Be Lovers Tonight
Hall & Oates,Maneater
Michael Jackson,Who Is It
Lena,Satellite
Kris & Thomas Dante,Diese Tage
Shakira,"Whenever, Wherever"
Max Raabe und das Palast Orchester feat. Samy Deluxe,Der Perfekte Moment... Wird Heut Verpennt
Nickelback,If Everyone Cared
Kygo & Imagine Dragons,Born To Be Yours
Ilira,Royalty
Guns 'n' Roses,Knockin' On Heaven's Door
Michael Schulte,Back To The Start
Mark Ronson feat. Miley Cyrus,Nothing Breaks Like A Heart
Linkin Park,Shadow Of The Day
No Doubt,Don't Speak
Kungs & Jamie N Commons,Don't You Know
Pharrell Williams,Happy
Britney Spears,Baby One More Time
Pink,U + Ur Hand (You And Your Hand)
El Profesor,Bella Ciao
Lewis Capaldi,Someone You Loved
Martin Solveig & Jax Jones & Madison Beer,All Day And Night
David Guetta & Sam Martin,Dangerous
Katy Perry,The One That Got Away
Toploader,Dancing In The Moonlight
Madcon,Keep My Cool
Twenty One Pilots,Ride
Sean Paul & David Guetta & Becky G,Mad Love
Usher,DJ Got Us Fallin' In Love
Felix Jaehn & Hight & Alex Aiono,Hot2Touch
Luis Fonsi feat. Demi Lovato,Échame La Culpa
Dagny,Come Over
J. Balvin & Willy William,Mi Gente
Stromae,Papaoutai
Flo Rida & Sia,Wild Ones
Culture Beat,Inside Out
Naughty Boy & Sam Smith,La La La
Ariana Grande & The Weeknd,Love Me Harder
Mabel,Boyfriend
Avicii feat. Aloe Blacc,SOS
Daniel Merriweather,Change
Younotus & Kelvin Jones,Seventeen
Felix Jaehn feat. Hearts & Colors & Adam Trigger,Like A Riddle
Empire Of The Sun,Walking On A Dream
Major Lazer,Light It Up
N-Trance,Stayin' Alive
Selena Gomez & Marshmello,Wolves
Madonna,Vogue
Lauv,I like me better - Cheat Codes Remix
Calvin Harris & Dua Lipa,One Kiss
Lucenzo & Don Omar,Danza Kuduro
Katy Perry,I Kissed A Girl
Ed Sheeran,Sing
Meduza,Born To Love
Fleur East,Sax
Matt Simons,Lose control
John Farnham,Pressure down
Rea Garvey,Can't say no
Jax Jones + Bebe Rexha,Harder
Kara Marni,Curve
Simply Red,Stars
David Guetta feat. Anne-Marie,Don't leave me alone
Adel Tawil feat. Matisyahu,Zuhause
Juli,Perfekte Welle
Phil Collins,Sussudio
Lady Gaga + Bradley Cooper,Always remember us this way
Rudimental feat. James Arthur,Sun comes up
Anne Clark,Poem without words 2 - Journey by night (inst.)
Philipp Dittberner + Marv,So kann es weitergehen
Train,50 ways to say goodbye
Sugababes,Overload
Ed Sheeran feat. Camila Cabello + Cardi B,South of the border
Bryan Ferry,Slave to love
Calvin Harris feat. Rag'n'Bone Man,Giant
Blondie,Maria
Dennis Lloyd,Never go back
Lily Moore feat. Maverick Sabre,In-between
Route 94 feat. Jess Glynne,My love
Outlandish,Aicha
Tom Cochrane,Life is a highway
Justin Timberlake,Rock your body
Daniel Merriweather,Impossible
Amy Macdonald,Automatic
Yiruma,River flows in you (Instr.)
Lauv + Troye Sivan,I'm so tired
Alison Moyet,Is this love?
Athlete,Wires
Glasperlenspiel,Echt
Little Hours,Feeling never goes
Anne-Marie,Ciao Adios
Supergrass,Alright
Alanis Morissette,Reasons I drink
Lady Gaga,Bad Romance
Revolverheld,Das Kann Uns Keiner Nehmen
Icehouse,Hey Little Girl
Lilly Wood & The Prick feat. Robin Schulz,Prayer In C
Sido,Bilder Im Kopf
Meghan Trainor,Dear Future Husband
Lena & Nico Santos,Better
Plain White T's,Hey There Delilah
Michael Jackson,Man In The Mirror
Andreas Bourani,Auf Anderen Wegen
Wincent Weiss,Feuerwerk
OneRepublic,Counting Stars
Queen,You Don't Fool Me
Moby,Why Does My Heart Feel So Bad
Nico Santos feat. Topic,Like I love you
Hurts,Stay
Taylor Swift,Blank Space
Mark Ronson & Amy Winehouse,Valerie
Alle Farben & Janieck,Little Hollywood
Robbie Williams,Feel
Aerosmith,Crazy
The Faim,Summer Is A Curse
Lutricia McNeal,Ain't That Just The Way
Bastille feat. The Chamber Orchestra Of London,Another Place
Kaiser Chiefs,Ruby
Alphaville,Forever Young
Gazebo,I Like Chopin
Jason Derulo & Jennifer Lopez feat. Matoma,Try Me
Linkin Park,Castle Of Glass
Backstreet Boys,Larger Than Life
Dotan,Home
Tears For Fears,Shout
Doja Cat,Say So
Cassia,Do right
Coldplay,Champion Of The World
Rita Ora,How to be lonely
BENEE feat. Gus Dapperton,Supalonely
Niall Horan,No Judgement
Eli,Sad
Sean Paul & Tove Lo,Calling On Me
Felix Jaehn feat. GASHI & FAANGS,SICKO
Taylor Swift,The Man
Lous And The Yakuza,Dilemme
Alma,Stay all night (explicit)
"Justin Bieber, Quavo",Intentions
Fletcher,Forever
The Killers,Caution
Camila Cabello Feat. Dababy,My Oh My
John Newman,Stand By Me
Powfu Fudasca Feat. Snøw,Make you mine
OneRepublic,Didn't I
5 Seconds Of Summer,Old Me
Mathea,Wollt dir nur sagen
Blues Pills,Proud woman
The Cars,You are the girl
Green Day,Wake me up when September ends
R. City feat. Adam Levine,Locked away
Adele,Water under the bridge
Roxette,Wish I could fly
Stefanie Heinzmann,My man is a mean man
Niall Horan,No judgement
Kesha,Die young
Leona Lewis,Run
Nelly Furtado,I'm like a bird
Ava Max,Sweet but psycho
Michael Jackson,Another part of me
Of Monsters And Men,Little talks
Christina Stürmer,Engel fliegen einsam
Rea Garvey,Kiss me
Bryan Adams,The only thing that looks good on me is you
Cro,Melodie (live)
Jennifer Lopez,Ain't it funny
Lost Frequencies feat. Flynn,Recognise
Scissor Sisters,I don't feel like dancin'
Mabel,Mad love
Dire Straits,Money for nothing
Meghan Trainor,Dear future husband
Cassandra Steen,Stadt
Alphaville,Sounds like a melody
Imagine Dragons,Birds
Lene Marlin,You weren't there
Lenny Kravitz,Stillness of heart
Lady Antebellum,Need you now
Mike & The Mechanics,Over My Shoulder
Adel Tawil & Matisyahu,Zuhause
Robin Schulz & James Blunt,OK
Michael Jackson,Billie Jean
Max Giesinger,Legenden
Marlon Roudette,New Age
Michael Schulte,All I Need
Sam Smith,Stay With Me
Jonas Brothers,Sucker
Phil Collins,In The Air Tonight
Robbie Williams,Rock DJ
Mr. Probz,Waves
Green Day,Boulevard Of Broken Dreams
Robin Schulz & Francesco Yates,Sugar
Ed Sheeran,The A Team
Fritz Kalkbrenner,Back Home
Lionel Richie,Hello
Oasis,Don't Look Back In Anger
Ed Sheeran & Justin Bieber,I Don't Care
Lenny Kravitz,The Chamber
Inner Circle,Sweat
Elderbrook,Numb
Marina Kaye,The whole 9
Demi Lovato,I Love Me
Nea,Dedicated
Nada Surf,Crowded star
Andreas Kümmert,Something in My Heart
Lxandra,Glide
Bryce Vine,Baby Girl
Nahko And Medicine For The People,Twisted
Minelli feat. Erik Frank,Loca
LEA,Treppenhaus
X Ambassadors,Belong
X Ambassadors,Happy home
Jess Williamson,Wind on tin
DI-RECT,Soldier on
Michelle David and the Gospel Sessions,You are
EMMA6,"Hey, hey, hey"
Jeff Cascaro,Ain't No Love In The Heart Of The City
Alanis Morissette,Smiling
The Strokes,Bad Decisions
Dizzy,Sunflower
Avec,Under Water
Andreas Kümmert,Evan
Sophie Hunger,Security Check
Sophie Hunger,Rote Beeten Aus Arsen
Rosalía,Malamente
Ane Brun,Don't Run And Hide
Jungstötter,I Wonder Why
Pat Metheny,From this place
Pat Metheny,The past in us
Tina Turner,We don't need another hero
Rea Garvey,Wild love
Weezer,Island in the sun
Ava Max,So am I
Bastille,Joy
will.i.am feat. Britney Spears,Scream + shout
Depeche Mode,Just can't get enough
Alanis Morissette,Uninvited
Go West,The king of wishful thinking
Clueso,Zu schnell vorbei
Black Eyed Peas,I gotta feeling
Milow,Nobody needs you like I do
Cock Robin,The promise you made
Milky Chance,The game
Klingande,Jubel (Instr.)
Rhys Lewis,When was the last time
Savage Garden,To the moon and back
Sugababes,Hole in the head
Adam Trigger Felix Jaehn feat. Hearts + Colors,Like a riddle
The 1975,Chocolate
Ruth B,Lost boy
Destiny's Child,"Bills, bills, bills"
Revolverheld,Spinner
Moby,Lift me up
Zara Larsson,Ruin my life
Queen,It's a hard life
Justin Timberlake feat. Chris Stapleton,Say something
Sophie Zelmani,Sunrise
Bryan Adams,Here I am
Topic feat. Jake Reese,Find you
Halsey,Graveyard
Michael Jackson,Will You Be There
Mark Forster,Au Revoir
Christina Aguilera,Genie In A Bottle
Justin Bieber & Ed Sheeran,Love Yourself
Amy Winehouse,Rehab
Katy Perry,Hot N Cold
The Communards,Don't Leave Me This Way
Dua Lipa,IDGAF
Prince,Purple Rain
Spin Doctors,Two Princes
Daft Punk,One More Time
Alle Farben & Kelvin Jones & Younotus,Only Thing We Know
Flo Mega,Ferddich
Fleetwood Mac,Little Lies
Alle Farben & Graham Candy,She Moves (Far Away)
Hailee Steinfeld & Grey & Zedd,Starving
Clean Bandit feat. Demi Lovato,Solo
Heather Nova,Gloomy Sunday
Lena,Taken By A Stranger
Carly Rae Jepsen,Call Me Maybe
Fynn Kliemann,Alles Was Ich Hab
Emma6 Macht Selig,"Hey, Hey, Hey"
Moses Pelham & Stefanie Kloß,Emuna
Bruckner,Für Immer Hier
You Silence I Bird,Daughter Of The Endless Green
C'est Karma,Girls
Luca Hänni,Nie Mehr Allein
Andreas Kümmert,Blue Birds
Jeremias,Schon Okay
BRTHR,Stealer Of Hearts
Husten,Wohin Wir Drehen
Elen,Egal
Provinz,Verlier Dich
Ätna,Made By Desire
Die Sterne,Hey Dealer
Madsius Ovanda,Past Is Past
Land In Sicht,Ich Brauche Nichts
2RAUMWOHNUNG,Hier Sind Wir Alle
Maxim,Wie Man Loslässt
Klan,Baby Baby
Fritz Kalkbrenner,Kings & Queens
Fullax,Scary
Mia.,Kopfüber
Mia.,Limbo
Soeckers,Schlaf Bei Mir
Olli Schulz Macht Selig,Die Besten (2020)
Anna Depenbusch,Nimm Mich Zurück
Seven,Immer Noch
Tim Bendzko,Leichtsinn (Live)
Mal Élevé,Barrer
Bukahara,Afraid No More
Batomae,Immer Neu (Für Dich)
Kytes,Runaway
Portmonee,Zu Viel Love
Jonas Monar,Autobahn
Das Moped,Niemand Sonst
Destiny's Child,Survivor
Skye + Ross,Light of gold
Taio Cruz,Higher
Bruce Springsteen,My hometown
Stanfour,Hearts without a home
U2,New Year's day
Revolverheld,Mit dir chilln
Christina Stürmer,Wir leben den Moment
Bruce Hornsby and The Range,Mandolin rain
Josef Salvat,Diamonds
Lisa Stansfield,The real thing
Nena,Leuchtturm (New Version)
Declan J Donovan,Pieces
Yiruma,Kiss the rain (instr.)
Die Fantastischen Vier,MfG (Mit freundlichen Grüssen)
David Guetta + Sia,Flames
Linkin Park,Burn it down
Christina Aguilera,Beautiful
Holly Johnson,Love train
Sleeping At Last,I'm gonna be (500 miles)
Alle Farben + Jordan Powers,Different for us
The Corrs,Breathless
Alan Walker,Sing me to sleep
Robin Schulz & Ilsey,Headlights
Milky Chance,Stolen Dance
Max Giesinger,Zuhause
Pink,Who Knew
Ed Sheeran,Photograph
Bloodhound Gang,The Bad Touch
A-ha,The Sun Always Shines On T.V.
Annett Louisan,Drück Die 1
Ronan Keating with Emeli Sandé,One Of A Kind
Deichkind,Party 2
Zayn & Partynextdoor,Still Got Time
Lost Frequencies,Are You With Me
Jan Delay,Oh Jonny
Sea Girls,NDR 2 Soundcheck live - Radiokonzert
Die Toten Hosen,Laune Der Natur
Die Toten Hosen,Hier Kommt Alex
Die Toten Hosen,Everlong
Die Toten Hosen,Tage Wie Diese
Die Toten Hosen,Ohne dich
"Blunt,James",OK
Robyn,Every Teardrop Is A Waterfall
a-ha,Forever not yours
The Cardigans,Don't Blame Your Daughter (Diamonds)
Tim Bendzko,Vielleicht (Live)
Tim Bendzko,Für immer (Live)
Tim Bendzko,Wenn Worte meine Sprache wären (Live)
Tim Bendzko,Am seidenen Faden (Live)
Tim Bendzko,Nur noch kurz die Welt retten (Live)
Tim Bendzko,Leise (Live)
The Common Linnets,Calm After The Storm
Josef Salvat,Open Season
"Turner,Millie",January
Colbie Caillat,Fallin' For You
The Strumbellas,I'll Wait
Bangles,If she knew what she wants
Republica,Ready to go
Olly Murs,Troublemaker
3 Doors Down (Three Doors Down),Here without you
The Rah Band,Clouds across the moon
Mark Forster,Chöre
Coldplay,Yellow
Rea Garvey feat. Kool Savas,Is it love?
Kungs vs. Cookin' On 3 Burners,This girl
John Farnham,You're the voice
Kesha,Tik tok
Die Toten Hosen,Bonnie + Clyde
James Blunt,I'll be your man
Anastacia,Sick and tired
Dynoro + Gigi d'Agostino,In my mind
Herbert Grönemeyer,Halt mich
Alle Farben + Justin Jesso,As far as feelings go
Andreas Bourani,Hey
a-ha,Summer moved on
Ro Bergman,All we are
Shawn Mendes + Camila Cabello,Senorita
Bakermat,One day (Vandaag)
Younotus feat. Janieck + Senex,Narcotic
Madonna,Cherish
Beyonce,Listen
Robbie Williams,Something beautiful
Robin Schulz feat. Jasmine Thompson,Sun goes down
Michael Jackson,Bad
N-Sync,Tearing Up My Heart
Underdog Project,Summer Jam
EFF,Stimme
Talk Talk,It's My Life
Depeche Mode,People Are People
Stefanie Heinzmann,On Fire
Corona,Rhythm Of The Night
Madonna,Material Girl
Die Toten Hosen,Feiern Im Regen
James Blunt,Stay The Night
Pet Shop Boys,It's A Sin
Kavinsky & Lovefoxxx,Nightcall
Miike Snow,Animal
2raumwohnung,Freie Liebe
Caribou,Never Come Back
Gesaffelstein & Pharrell Williams,Blast Off
Madeleine Peyroux,Dance Me To The End Of Love
2-Raum Wohnung & Inga Humpe,Wir trafen uns in einem Garten mit Max
DJ Koze feat. Eddie Fummler,Moving In A Liquid
Marvin Gaye,What's Going On
2raumwohnung,36 Grad
Joni Mitchell,Big Yellow Taxi
Inga Humpe,Riding into blue (Cowboy song)
The Flying Lizards,Money (That's what I want)
Röyksopp feat. Robyn,Monument
Udo Lindenberg & Inga Humpe,Ein Herz Kann Man Nicht Reparieren
Benjamin Ingrosso,The Dirt
Glass Animals,Your Love (Déjà Vu)
Avec,Dance Solo
Greyson Chance,Dancing Next To Me
Gracie Abrams,21
KennyHoopla,How Will I Rest In Peace If I'm Buried By A Highway
Khalid x Disclosure,Know Your Worth
Emeli Sande,Next to me
Madonna,Girl gone wild
Janelle Monae,Dance apocalyptic
Shania Twain,Ka-Ching!
Shakespears Sister,Hello (turn the radio on)
Aretha Franklin,Jimmy Lee
Sia,The greatest
Sandi Thom,I wish I was a punk rocker
Amy Winehouse,Back to black
Marina + The Diamonds,Hollywood
Pussycat Dolls,I don't need a man
Christina Perri,Jar of hearts
Calvin Harris feat. Haim,Pray to God
Lana Del Rey,Video games
Kylie Minogue,Dancing
Kate Ryan,Libertine
Tina Turner,Typical male
The Cranberries,Dreams
Adele,Send my love (to your new lover)
Pink,So what
Melanie C,Never be the same again
Luxuslärm,Liebt sie dich wie ich
Maria Mena,Just hold me
Lykke Li,I follow rivers
Pat Benatar,Love is a battlefield
Amy Macdonald,Mr. Rock + Roll
Jennifer Lopez,If you had my love
Lena,Stardust
Louane,Avenir
Hamzaa,Write it down
Nelly Furtado,Maneater
Dua Lipa,New rules
Shakira,"Whenever, wherever"
Blu Cantrell,Hit 'em up style (oops!)
Jessie J,Nobody's perfect
Avril Lavigne,Head above water
Vonda Shepard,Searchin' my soul
Stefanie Heinzmann,In the end
Rihanna,Umbrella
Wilson Phillips,Release me
Elle King,Ex's + oh's
Freya Ridings,Lost without you
Emeli Sande,Read all about it (Part 3)
No Angels,Daylight in your eyes
Alma,Cowboy
Haim,Don't save me
Katy Perry,I kissed a girl
Grace Carter,Silhouette
Alizee,Moi... Lolita
Alice Merton,Hit the ground running
"Estefan, Gloria",Oye mi canto
Erykah Badu,Bag lady
Frida Gold,Liebe ist meine Rebellion
Ivy Quainoo,Do you like what you see
Toni Braxton,Un-break my heart
Carly Rae Jepsen,Call me maybe
Gossip,Pop goes the world
Blondie,Rapture
Norah Jones,Sunrise
Ariana Grande & ZEDD,Break Free
Silbermond,Durch die Nacht
Silbermond,Mein Osten
Prince,Kiss
Silbermond,Für Amy
Silbermond,Krieger Des Lichts
Felix Jaehn & Jasmine Thompson,Ain't Nobody (Loves Me Better)
Michael Jackson,Thriller (steve aoki midnight hour remix) radio edit
Nena & Kim Wilde,"Anyplace, Anywhere, Anytime"
Rockwell,Somebody's Watching Me
Jason Mraz,Have It All
Lukas Graham,7 Years
Matt Simons,Catch & Release
Sugababes,Caught In A Moment
Kelvin Jones,Call You Home
Duffy,Warwick Avenue
Norah Jones,Thinking About You
Travis,Why Does It Always Rain On Me
Ich & Ich,Universum
London Grammar,Nightcall
Leona Lewis,Bleeding Love
John Legend,All Of Me
Ed Sheeran,Thinking Out Loud
Teitur,Sleeping With The Lights On
Julia Michaels,Issues
Philipp Poisel,Eisener Steg
Mary J. Blige,Give Me You
Queen,The Show Must Go On
Alicia Keys,Empire State Of Mind (Part II) Broken Down
Zedd & Elley Duhé,Happy Now
Coldplay,Fix You
Maren Morris & Hozier,The Bones
Birdy,People Help The People
Passenger,Let Her Go
Laith Al-Deen,Dein Lied
George Ezra,Barcelona
Dido,Don't Believe in Love
Celeste,Strange
Daniel Bedingfield,If You're Not The One
Lady Gaga & Bradley Cooper,Shallow
Instr.) / Robert Miles,Fabl
Sade,Your love is king
Lena + Nico Santos,Better
Filous,How hard I try
Janice,Queen
Shawn Mendes,If I can't have you
Lenka,Everything at once
Salt'n Pepa,Whatta man
Vice feat. Jasmine Thompson + Skizzy Mars,Steady 1234
Santana,The game of love
Huey Lewis + The News,Stuck with you
Sarah McLachlan,Building a mystery
Diana Ross,Upside down
Pink,Beautiful trauma
Dido,Here with me
Depeche Mode,Policy of truth
Madcon feat. Ray Dalton,Don't worry
Sam Sparro,Black + gold
The Police,Every little thing she does is magic
Bruce Springsteen,Secret garden
Zedd feat. Hayley Williams,Stay the night
Guns'n'Roses,November rain
Bear's Den,Above the clouds of Pompeii
Brooke Fraser,Something in the water
Rainbirds,Blueprint
Watershed,Indigo girl
Passenger,Holes
Nelly,Over and over
Vega 4,Love breaks down
Cyndi Lauper,Girls just want to have fun
Dermot Kennedy,Power over me
Anastacia,Paid my dues
Colbie Caillat,I do
Madonna,The power of good-bye
Sportfreunde Stiller,"Applaus, Applaus"
Anna Naklab & Alle Farben & YOUNOTUS,Supergirl
Roxette,Spending My Time
Pink,Just Like A Pill
James Hype feat. Kelli-Leigh,More Than Friends
David Guetta & Ne-Yo & Akon,Play Hard
Stromae,Alors On Danse
Snap,Ooops Up
Rüfüs,Say A Prayer For Me
Charlie & Gomez Puth,We Don't Talk Anymore
Dynoro & Ina Wroldsen,Obsessed
The Killers,Mr. Brightside
DJ Snake & J. Balvin feat. Tyga,Loco contigo
Clean Bandit & Jess Glynne,Rather Be
Alexandra Stan,Mr. Saxobeat
State of Sound,Wake Up Where You Are
The Chainsmokers & Halsey,Closer
Craig & Sinclar David,Hot Stuff vs World Hold On
Shift K3Y,Touch
Joe Stone X Camden Cox,Mind Control
Rihanna & Calvin Harris,We Found Love
Rhodes & Felix Jaehn,Your Soul (Holding On)
Seeed,G€LD
Baby Bash,Suga Suga
Benee,Glitter
Emeli Sandé,Hurts
R.I.O. & U-Jean,Summer Jam
Spiller,Groove Jet.
Liam Payne feat. Cheat Codes,Live Forever
,ARD-Popnacht
Robin Schulz feat. James Blunt,Ok
Beverley Craven,Promise me
Max Mutzke,Can't wait until tonight
The Hooters,All you zombies
Adele,When we were young
Xavier Naidoo,Dieser Weg
Blessid Union Of Souls,I believe
Coldplay,A sky full of stars
David Guetta + Cedric Gervais + Chris,Would I lie to you
Sunrise Avenue,Welcome to my life
The Rembrandts,"Just the way it is, baby"
Gwen Stefani,The sweet escape
Mike + The Mechanics,The living years (In the living years)
Cosmo Klein,Someday
The Beautiful South,We are each other
Prince,Purple rain
Wir Sind Helden,Aurelie
Matt Simons,Catch + release
Alok + Bruno Martini feat. Zeeba,Hear me now
Faul + Wad Ad vs. Pnau,Changes
Mando Diao,Gloria
Kim Wilde,Cambodia
Husky,I follow rivers
The Rasmus,In the shadows
Sido feat. Andreas Bourani,Astronaut
Robert Miles,Fable (Instr.)
Alicia Keys,Girl On Fire
Anastacia,I'm Outta Love
Gavin James,Always (Alle Farben Remix)
OMD,History Of Modern (Part 1)
Genesis,"Follow You, Follow Me"
David Guetta & Kid Cudi,Memories
Michael Jackson,Black Or White
Alec Benjamin,Demons
Johannes Oerding,Nicht Genug
Bryan Adams,I'm Ready
PVRIS,Dead Weight
Lauv Feat. Sofía Reyes,El Tejano
Black Pumas,Colors
Lennon Stella,Kissing Other People
Reece Lemonius,Body Language
Hugel,Better
ARD-Popnacht,*** Sie hören
Junior Senior,Move your feet
Tanita Tikaram,Twist in my sobriety
Katy Perry,Hot'n'cold
Janet Jackson,That's the way love goes
Destiny's Child,Say my name
Sean Kingston,Beautiful girls
Kris Menace + Gwylo + Mille,Rome
Ariana Grande,One last time
John Mellencamp,Your life is now
Birdy,Wings
Lenny Kravitz,Believe
P!nk,What about us
Red Hot Chili Peppers,Snow (Hey oh)
Tracy Chapman,Talkin' bout a revolution
London Grammar,Strong
Welshly Arms,Learn to let go
Alicia Keys,We are here
Jon Secada,Just another day
Mark Ronson feat. Bruno Mars,Uptown funk
Youssou N'Dour,7 seconds
Michael Schulte,All I need
Amy Winehouse,You know I'm no good
Linkin Park,Leave out all the rest
KC and The Sunshine Band,Give it up
Rihanna feat. Drake,What's my name?
Live,Overcome
Train,Drops of Jupiter (Tell me)
Huey Lewis + The News,Hip to be square
Izzy Bizu,White tiger
The Last Goodnight,Pictures of you
Harry Styles,Sign of the times
Ava Max,Sweet But Psycho
Michael Jackson,They Don't Care About Us
Disturbed,The Sound Of Silence
Jason Derulo & Nicki Minaj & Ty Dolla $ign,Swalla
Sheila E.,A Love Bizarre
Foo Fighters,Everlong
Prince,The Future
Martin Garrix feat. Clinton Kane,Drown
Andreas Kümmert,Funky slith
Christine And The Queens,"People, I've Been Sad"
2raumwohnung,Hier sind wir alle
Diverse,Dizzy
Ren,I Drive Me Mad
Quarry,Your Brain Or Your Body
Olli Schulz macht Selig,Die Besten (2020)
Coldplay,Cry cry cry
JC Stewart,Lying That You Love Me
Jaymes Young,Happiest Year
Young Gun Silver Fox,Dream woman
D/troit,10 Outta 10
Dixie Chicks,Gaslighter
Lianne La Havas,Bittersweet
Andreas Kümmert,Slow goose
Jacob Collier & Metropole Orkest & The Aeolians of Oakwood University,All night long
